{
    "name": "beyond20",
    "title": "Beyond20 companion module",
    "description": "This module allows the Beyond20 rolls to display properly in the main FVTT window and for other players who do not have Beyond20 installed",
    "version": "1.4.1-adotor",
    "author": "KaKaRoTo",
    "systems": ["dnd5e"],
    "system": ["dnd5e"],
    "scripts": ["./beyond20.js"],
    "styles": ["./beyond20.css"],
    "packs": [],
    "url": "https://beyond20.here-for-more.info",
    "manifest": "https://raw.githubusercontent.com/adotor/Beyond20/private-release/FVTT-module/beyond20/module.json",
    "download": "https://raw.githubusercontent.com/adotor/Beyond20/private-release/FVTT-module/beyond20.zip",
    "minimumCoreVersion": "0.6.0",
    "compatibleCoreVersion": "9"
}
